Date,Product,Quantity Sold,Total Sales
2023-08-02,Mobile,1,46048
2021-05-16,Headphones,3,39198
2020-07-28,Keyboard,2,7912
2020-03-06,Laptop,2,157314
2021-04-21,Keyboard,10,7170
2023-02-23,Headphones,9,70857
2021-03-27,Monitor,10,232310
2020-01-14,Tablet,7,261086
2021-07-23,Tablet,4,148236
2020-07-28,Mobile,7,158732
2022-01-05,Camera,10,546710
2020-03-29,Monitor,9,118620
2022-02-14,Mobile,9,435843
2023-07-11,Mouse,6,8892
2021-01-28,Mobile,1,39871
2021-08-15,Mobile,4,92952
2022-02-17,Smartwatch,8,206640
2022-01-17,Tablet,6,229698
2021-03-05,Smartwatch,2,49920
2023-07-24,Tablet,9,279387
2020-11-30,Monitor,7,158837
2023-08-03,Keyboard,4,12624
2020-04-24,Headphones,1,14189
2021-10-08,Printer,5,25840
2021-03-08,Mouse,6,4410
2023-09-04,Monitor,7,245497
2020-10-19,Smartwatch,3,39243
2023-02-23,Keyboard,5,20045
2023-04-10,Printer,6,61116
2020-10-10,Keyboard,8,9952
2020-04-06,Mobile,3,92907
2023-10-25,Printer,10,50810
2022-02-27,Printer,10,183370
2022-12-19,Smartwatch,9,48384
2023-10-25,Mobile,9,404757
2023-08-05,Camera,2,116938
2022-06-09,Tablet,8,121696
2021-06-23,Keyboard,3,13974
2020-08-05,Smartwatch,9,224586
2021-02-11,Tablet,6,153522
2023-01-09,Keyboard,1,3155
2022-09-27,Laptop,2,195152
2021-09-21,Headphones,1,4946
2023-03-07,Mobile,2,147398
2020-05-21,Keyboard,3,4653
2023-09-13,Monitor,9,142389
2021-06-26,Keyboard,10,39660
2021-03-09,Keyboard,4,12212
2022-03-28,Camera,8,702712
2022-07-13,Mobile,4,157804
2020-05-11,Camera,1,97110
2023-02-08,Headphones,10,46080
2020-01-15,Mobile,1,40007
2020-05-18,Laptop,6,355722
2022-11-18,Headphones,5,59800
2022-09-21,Headphones,9,28503
2023-03-15,Mouse,8,6376
2022-08-26,Printer,4,24360
2020-07-17,Printer,6,101274
2022-04-21,Monitor,1,11449
2020-05-04,Printer,6,39480
2021-05-24,Headphones,4,39144
2022-07-07,Tablet,7,189175
2021-07-24,Monitor,4,39760
2022-06-26,Keyboard,2,1828
2023-08-28,Keyboard,1,1264
2021-04-29,Tablet,7,327782
2022-09-12,Headphones,7,13720
2020-12-03,Printer,1,15793
2021-06-27,Monitor,5,163610
2023-11-27,Keyboard,8,14144
2021-01-23,Smartwatch,4,27664
2023-04-01,Keyboard,1,3069
2020-04-27,Laptop,10,1124930
2022-10-26,Keyboard,3,2895
2022-11-06,Mobile,3,56943
2023-05-03,Mobile,4,251692
2020-09-02,Mouse,4,5940
2023-05-02,Laptop,10,607450
2022-05-08,Mouse,10,13700
2021-10-09,Smartwatch,4,107780
2021-10-05,Headphones,5,37420
2020-09-25,Smartwatch,8,122880
2020-05-28,Laptop,8,1051328
2023-02-27,Mobile,2,75876
2022-11-02,Smartwatch,3,49308
2020-05-20,Headphones,6,34014
2020-11-19,Monitor,9,223425
2023-06-06,Keyboard,1,2952
2023-09-20,Mobile,3,133992
2020-08-24,Mobile,9,273366
2021-07-11,Smartwatch,10,119010
2021-12-03,Headphones,5,46400
2022-09-27,Smartwatch,1,8024
2023-07-23,Printer,5,22220
2020-01-08,Camera,3,310521
2021-06-20,Tablet,8,344224
2023-02-22,Laptop,2,119724
2023-11-16,Tablet,9,156249
2022-01-26,Mouse,9,5427
2022-05-30,Tablet,1,35202
2022-01-16,Laptop,6,465210
2023-10-28,Headphones,2,13588
2023-02-20,Printer,10,80640
2021-04-29,Tablet,3,126060
2020-02-20,Tablet,6,251892
2023-10-03,Headphones,5,18040
2023-12-07,Mobile,7,105525
2022-08-21,Headphones,4,57512
2022-07-31,Camera,5,249155
2021-04-01,Laptop,4,408908
2021-11-03,Smartwatch,2,28292
2021-12-20,Keyboard,7,34244
2021-11-09,Laptop,2,168474
2020-12-31,Mouse,5,1890
2020-08-10,Mouse,7,7049
2021-10-04,Printer,10,197580
2020-08-24,Printer,10,92280
2021-06-05,Laptop,7,351547
2022-11-30,Keyboard,4,13932
2022-06-02,Mobile,6,306870
2023-09-20,Mobile,5,382345
2021-09-25,Printer,6,97110
2023-11-28,Smartwatch,9,82530
2021-01-27,Printer,7,60914
2023-06-14,Mouse,5,5655
2023-01-27,Laptop,5,438030
2021-03-06,Printer,10,228790
2023-09-02,Camera,8,623240
2022-06-24,Headphones,9,78768
2020-12-13,Mobile,5,387805
2023-09-21,Mouse,6,2946
2021-04-26,Smartwatch,4,46100
2020-10-28,Laptop,1,82092
2022-08-31,Mouse,2,2464
2022-04-28,Mouse,4,7084
2023-11-27,Printer,8,128760
2021-05-14,Tablet,1,21985
2022-05-20,Headphones,3,42522
2023-11-26,Keyboard,8,7288
2023-02-15,Headphones,2,16956
2020-09-30,Monitor,9,232146
2022-06-25,Mouse,9,10557
2023-01-27,Monitor,3,108324
2022-07-10,Smartwatch,4,103576
2021-07-21,Keyboard,8,19672
2021-07-16,Monitor,2,47450
2021-04-25,Smartwatch,6,92856
2023-01-11,Mobile,3,89307
2021-04-18,Printer,3,30030
2020-05-11,Printer,7,96894
2023-01-16,Monitor,7,63560
2021-02-27,Printer,7,154973
2023-11-25,Laptop,10,998570
2022-09-03,Laptop,6,534834
2022-03-09,Printer,9,188055
2023-05-20,Headphones,8,36760
2021-07-12,Printer,8,31608
2022-03-07,Camera,7,804433
2020-12-04,Monitor,3,20301
2022-03-17,Mouse,10,16570
2020-02-25,Mobile,7,194502
2022-08-03,Tablet,1,32049
2022-02-15,Camera,4,318392
2021-10-31,Camera,7,395297
2022-05-13,Smartwatch,2,40822
2020-02-09,Keyboard,1,3366
2021-04-04,Mobile,1,14067
2021-05-21,Headphones,1,11179
2020-11-08,Headphones,3,26274
2023-10-03,Mobile,10,385690
2022-08-10,Smartwatch,6,62988
2023-05-25,Mouse,2,3784
2020-12-01,Smartwatch,2,47924
2020-02-22,Smartwatch,10,271950
2022-02-07,Printer,4,21960
2023-04-27,Headphones,2,24844
2021-09-09,Mouse,2,3860
2023-03-05,Laptop,6,718962
2022-05-27,Camera,2,172634
2023-08-19,Camera,1,75057
2022-09-30,Mobile,7,402304
2023-07-25,Monitor,3,100620
2020-12-26,Keyboard,5,24540
2022-09-17,Monitor,7,158123
2021-10-22,Headphones,2,11138
2022-07-12,Headphones,8,82688
2023-06-03,Printer,6,23640
2022-10-09,Camera,3,251712
2021-03-10,Camera,5,323040
2021-07-26,Mouse,5,7190
2020-01-21,Keyboard,4,4804
2021-05-09,Printer,8,169536
2021-05-07,Monitor,8,274968
2020-02-05,Mobile,5,195225
2022-04-08,Headphones,5,59390
2023-04-06,Camera,8,740352
2022-12-23,Camera,7,824397
2023-02-01,Camera,6,672744
2022-07-18,Smartwatch,5,66185
2021-04-17,Mobile,4,205436
2020-09-01,Keyboard,3,6207
2021-03-19,Monitor,5,196910
2023-05-07,Smartwatch,2,22720
2021-08-29,Headphones,6,23634
2021-09-11,Laptop,9,599319
2021-07-15,Laptop,1,122529
2021-08-21,Tablet,8,173784
2020-01-26,Mouse,5,6305
2022-09-07,Monitor,6,102492
2020-04-15,Smartwatch,8,69904
2020-05-13,Printer,8,43416
2023-03-27,Laptop,3,208665
2023-02-26,Smartwatch,2,26264
2020-08-30,Keyboard,7,16436
2022-12-06,Printer,8,140056
2021-08-31,Mouse,7,6475
2023-03-10,Mouse,1,1548
2020-07-22,Headphones,4,21340
2023-09-14,Mobile,3,124317
2020-12-21,Keyboard,2,3564
2020-01-06,Printer,8,179664
2022-08-20,Smartwatch,1,12585
2021-08-13,Smartwatch,8,58656
2023-11-08,Headphones,5,69535
2023-07-04,Mouse,4,4680
2020-08-23,Keyboard,4,6880
2021-06-28,Tablet,2,37816
2020-12-05,Smartwatch,10,295410
2023-03-11,Smartwatch,8,72592
2022-08-17,Smartwatch,7,97440
2022-10-21,Keyboard,8,32688
2020-06-13,Mouse,1,1184
2021-10-22,Mouse,5,1760
2020-07-06,Headphones,10,106190
2020-02-12,Smartwatch,10,63180
2020-12-24,Monitor,9,305829
2021-07-23,Tablet,10,435660
2023-07-24,Monitor,2,71604
2021-12-13,Printer,6,81120
2023-10-04,Mobile,3,159684
2022-04-23,Monitor,5,156220
2023-01-31,Laptop,8,492336
2021-10-06,Smartwatch,6,52788
2022-04-07,Keyboard,1,4944
2022-08-04,Printer,1,9146
2022-11-27,Camera,10,1191480
2022-10-17,Monitor,1,18340
2021-06-30,Keyboard,3,8577
2022-06-16,Monitor,2,13782
2023-07-14,Mouse,4,7012
2020-11-20,Smartwatch,9,49032
2023-02-05,Printer,2,20724
2020-08-20,Monitor,2,30180
2022-10-17,Smartwatch,9,253026
2021-07-13,Printer,8,147784
2021-05-14,Monitor,9,130311
2022-02-24,Headphones,10,93270
2020-10-06,Mobile,5,321935
2021-11-27,Keyboard,5,2605
2021-08-02,Smartwatch,10,240020
2023-09-13,Monitor,3,102792
2023-01-08,Monitor,6,160716
2023-02-04,Keyboard,7,29610
2021-10-21,Headphones,4,41472
2022-02-23,Headphones,7,12005
2021-10-13,Monitor,7,212114
2023-09-21,Tablet,8,139408
2020-09-15,Keyboard,10,32190
2020-07-24,Monitor,2,78936
2022-07-24,Laptop,3,311208
2023-09-02,Tablet,2,91536
2021-06-26,Camera,10,1107940
2022-03-25,Mobile,6,479652
2022-02-17,Camera,8,727296
2020-03-14,Mouse,2,1560
2023-07-16,Smartwatch,4,117880
2020-07-04,Printer,2,47532
2023-12-12,Mobile,8,254440
2023-11-22,Smartwatch,1,6507
2021-10-26,Laptop,5,484920
2022-02-06,Printer,3,33003
2022-12-23,Printer,10,89000
2020-12-14,Tablet,2,80140
2023-06-23,Headphones,8,84432
2020-10-20,Headphones,8,91608
2021-06-04,Monitor,5,28075
2022-08-10,Smartwatch,9,91584
2020-05-31,Monitor,6,147630
2023-08-01,Printer,5,89845
2021-09-10,Headphones,7,104867
2022-09-16,Mobile,4,239944
2023-03-17,Camera,10,587800
2023-12-03,Smartwatch,1,26568
2022-03-21,Smartwatch,1,23544
2023-11-05,Laptop,10,1476710
2022-10-14,Smartwatch,4,99568
2021-12-22,Headphones,4,44688
2021-05-28,Tablet,2,35166
2021-09-24,Monitor,1,28911
2020-09-26,Mobile,5,264115
2022-04-30,Tablet,4,94644
2023-01-09,Camera,9,771939
2021-07-12,Tablet,5,232890
2021-08-27,Camera,2,162770
2020-06-03,Tablet,4,164176
2023-02-15,Camera,2,143434
2020-01-29,Smartwatch,9,81441
2022-07-20,Camera,5,483095
2022-02-19,Camera,2,216904
2021-04-23,Monitor,1,26496
2023-06-03,Headphones,2,22820
2022-08-08,Smartwatch,7,61761
2020-10-13,Laptop,1,89893
2022-10-05,Mobile,2,81550
2023-01-05,Tablet,7,313103
2022-01-29,Keyboard,7,12355
2022-04-29,Mobile,8,507936
2021-07-26,Laptop,6,470862
2022-06-27,Monitor,4,115072
2020-07-22,Camera,9,940662
2022-01-04,Laptop,7,603120
2021-01-23,Mobile,8,176120
2023-09-19,Headphones,10,13490
2020-04-13,Camera,4,146020
2023-03-02,Headphones,2,29190
2023-02-09,Headphones,10,45380
2021-04-22,Camera,3,294348
2020-01-06,Smartwatch,3,27777
2023-01-11,Smartwatch,3,25806
2023-09-15,Laptop,3,155841
2022-01-03,Headphones,10,63040
2020-02-02,Tablet,5,92170
2020-09-16,Printer,9,60516
2020-05-10,Monitor,8,229808
2022-11-17,Mouse,2,2450
2022-10-28,Headphones,10,17100
2023-09-11,Keyboard,5,21260
2023-08-10,Laptop,1,112781
2022-04-02,Printer,2,38130
2023-12-29,Monitor,2,20588
2021-10-21,Mouse,3,1302
2020-09-15,Smartwatch,10,257440
2023-04-13,Keyboard,6,21720
2023-05-08,Keyboard,5,21080
2022-11-01,Mouse,7,3521
2023-12-08,Mobile,9,343647
2022-05-30,Monitor,4,128476
2021-11-25,Monitor,7,225834
2020-07-13,Camera,7,426741
2023-09-24,Smartwatch,6,60006
2023-11-07,Monitor,2,21956
2020-06-23,Mobile,7,158592
2022-02-02,Tablet,9,170370
2023-04-16,Keyboard,9,28800
2023-10-04,Mobile,7,394422
2023-09-24,Printer,1,12425
2023-05-14,Smartwatch,6,50364
2023-03-29,Keyboard,4,7068
2023-09-06,Monitor,4,48368
2021-12-18,Keyboard,6,8646
2021-07-24,Mouse,4,7812
2022-05-28,Keyboard,10,7150
2023-06-01,Smartwatch,1,10911
2021-07-13,Smartwatch,6,99012
2020-01-13,Tablet,3,123795
2020-05-22,Tablet,1,21013
2022-12-22,Headphones,7,55146
2022-07-18,Camera,3,205509
2021-09-30,Camera,10,981480
2020-06-22,Laptop,3,211896
2023-06-19,Laptop,2,171330
2022-06-26,Printer,8,183136
2022-06-24,Printer,5,50315
2022-11-15,Mobile,6,398094
2020-08-15,Smartwatch,10,209450
2022-12-15,Smartwatch,1,12225
2022-03-20,Mouse,1,315
2021-02-22,Smartwatch,4,37984
2021-06-07,Smartwatch,6,53586
2020-01-16,Monitor,7,115598
2020-09-21,Printer,9,94860
2022-10-21,Keyboard,6,6540
2022-03-24,Laptop,7,367192
2022-07-30,Mobile,6,397602
2023-03-20,Printer,7,87402
2020-08-23,Printer,1,13642
2020-12-17,Mouse,8,13696
2022-01-11,Mobile,7,167125
2021-05-13,Printer,10,161210
2022-12-09,Mobile,7,354676
2021-11-26,Headphones,6,82590
2020-12-10,Mobile,9,224505
2022-12-22,Keyboard,4,13448
2021-12-20,Tablet,4,86948
2020-10-26,Smartwatch,4,42740
2023-05-18,Tablet,2,53218
2023-07-10,Monitor,8,275352
2023-10-26,Mouse,10,9610
2023-07-08,Camera,3,232920
2020-05-19,Monitor,8,198760
2021-07-16,Mouse,1,1020
2022-11-05,Mobile,5,352605
2022-07-14,Laptop,1,98331
2021-08-10,Mobile,2,152924
2022-02-26,Monitor,10,76880
2022-07-10,Mouse,4,3832
2023-05-24,Monitor,9,133974
2020-05-06,Monitor,2,55014
2020-06-21,Keyboard,3,2460
2021-05-22,Monitor,8,314760
2022-12-06,Mouse,3,3135
2022-02-02,Smartwatch,7,128758
2021-11-23,Mouse,1,1916
2023-07-16,Camera,2,126426
2020-07-12,Keyboard,7,19789
2021-05-31,Mouse,3,2946
2020-06-15,Mouse,3,3048
2021-09-27,Printer,3,67494
2023-12-22,Mobile,5,296860
2023-08-10,Camera,3,323499
2023-12-10,Keyboard,2,7936
2022-11-07,Camera,1,67526
2021-09-24,Tablet,4,149580
2022-09-22,Headphones,4,13012
2020-11-13,Mobile,5,116280
2022-11-05,Keyboard,9,7281
2023-09-17,Camera,10,371760
2023-05-08,Printer,3,24948
2021-01-05,Mouse,3,5328
2022-06-15,Laptop,7,684243
2023-10-17,Headphones,8,88024
2021-08-06,Monitor,4,159984
2021-05-04,Smartwatch,8,90856
2022-01-23,Mouse,8,9960
2021-07-31,Printer,9,182547
2022-05-07,Tablet,4,96280
2021-05-27,Laptop,8,789240
2023-02-09,Mobile,9,237069
2021-08-06,Mobile,3,137265
2022-07-09,Keyboard,3,12249
2020-07-06,Headphones,8,53816
2020-02-24,Printer,1,15991
2022-10-25,Camera,4,282460
2020-06-16,Camera,4,94776
2021-10-14,Mobile,6,174852
2020-10-08,Laptop,5,559625
2023-11-26,Tablet,8,355192
2023-06-14,Laptop,2,104980
2021-06-08,Headphones,3,29973
2023-05-31,Keyboard,7,9870
2021-08-13,Headphones,5,14980
2020-04-07,Headphones,7,80276
2023-06-29,Monitor,2,24530
2022-10-20,Mouse,9,2997
2023-07-18,Keyboard,10,24810
2020-10-21,Smartwatch,7,35357
2023-06-13,Camera,4,379192
2022-05-03,Tablet,2,98614
2022-01-08,Mobile,9,688464
2022-11-05,Keyboard,1,3698
2022-08-20,Laptop,7,692503
2021-06-03,Laptop,6,353130
2021-12-07,Headphones,2,27280
2023-04-06,Camera,3,77433
2021-12-22,Keyboard,6,11604
2023-11-03,Monitor,8,135560
2020-10-03,Mobile,8,118776
2021-08-23,Headphones,1,13961
2021-02-12,Laptop,6,543852
2022-11-21,Printer,9,166608
2021-06-02,Laptop,4,350004
2022-01-01,Laptop,6,514866
2020-09-11,Camera,7,507017
2022-06-19,Printer,6,54726
2022-10-13,Monitor,6,234186
2021-06-30,Mobile,7,142415
2022-05-31,Mouse,3,4251
2021-08-24,Camera,2,60988
2021-11-02,Smartwatch,5,98055
2023-05-19,Printer,3,52635
2021-12-20,Monitor,1,28105
2023-06-13,Printer,5,119770
2020-04-27,Mobile,7,403333
2022-11-16,Tablet,1,24357
2023-05-29,Monitor,1,13272
2020-05-17,Headphones,6,41598
2022-02-23,Mouse,1,1539
2020-11-10,Monitor,6,176280
2022-06-28,Mobile,10,280470
2022-12-20,Camera,7,428449
2023-08-23,Smartwatch,4,34868
2020-02-23,Tablet,8,391440
2022-03-03,Keyboard,2,5288
2021-06-17,Monitor,4,94860
2023-11-22,Monitor,4,52148
2020-10-04,Mobile,8,261040
2023-12-31,Monitor,2,51888
2023-09-29,Camera,2,184178
2023-01-15,Smartwatch,5,50805
2023-12-28,Tablet,6,290046
2021-04-04,Mobile,4,112808
2021-04-29,Monitor,1,28651
2023-02-08,Mouse,6,7542
2023-02-03,Tablet,10,206500
2020-05-14,Smartwatch,7,199444
2022-09-07,Keyboard,7,26978
2023-03-23,Mobile,3,154659
2023-08-08,Mobile,8,568456
2023-10-24,Keyboard,6,9306
2023-02-03,Mouse,3,5616
2020-09-21,Printer,9,43335
2020-09-11,Keyboard,3,8973
2020-12-03,Tablet,6,178656
2021-12-09,Keyboard,5,5730
2021-05-28,Headphones,9,49464
2020-09-13,Smartwatch,10,224810
2020-07-10,Keyboard,3,5289
2020-12-16,Mouse,10,9910
2023-02-28,Laptop,1,60646
2020-04-03,Mouse,5,8165
2021-03-07,Mouse,7,10955
2023-08-01,Laptop,8,1057624
2023-01-22,Smartwatch,5,104125
2021-05-16,Printer,5,89305
2020-05-29,Laptop,3,322857
2022-05-01,Monitor,8,146960
2021-11-27,Mouse,3,2820
2021-10-15,Camera,7,259973
2022-01-28,Keyboard,9,12321
2021-10-15,Headphones,8,24056
2021-07-01,Monitor,4,56928
2020-07-17,Laptop,5,501755
2023-06-14,Printer,4,32932
2021-11-01,Mouse,6,4128
2020-11-22,Monitor,9,320337
2022-10-18,Smartwatch,8,46072
2020-07-03,Printer,9,161838
2021-05-08,Headphones,10,67810
2020-04-09,Laptop,5,574330
2023-05-08,Monitor,5,27675
2020-08-08,Printer,3,34998
2022-01-19,Printer,6,26892
2022-03-31,Laptop,10,1236380
2021-02-02,Camera,9,520443
2020-05-30,Printer,9,159813
2023-01-31,Smartwatch,10,272950
2023-06-05,Mobile,3,68016
2022-03-17,Camera,6,558696
2022-01-18,Tablet,4,193460
2022-04-02,Keyboard,1,871
2020-03-20,Tablet,6,276282
2022-11-29,Monitor,3,116352
2020-10-13,Camera,10,617500
2020-11-28,Printer,10,128050
2023-04-30,Camera,9,781281
2022-12-26,Monitor,10,246470
2022-08-30,Laptop,6,560496
2023-10-11,Mobile,7,352289
2023-11-10,Laptop,10,1122050
2021-06-27,Mouse,10,7660
2020-04-15,Mouse,8,5192
2022-12-09,Mouse,7,4214
2023-10-26,Headphones,1,10380
2023-12-05,Mobile,4,49928
2022-06-22,Camera,7,278936
2022-04-25,Headphones,7,64547
2023-06-06,Monitor,1,14049
2022-11-28,Headphones,9,56925
2023-09-18,Monitor,9,267255
2021-10-04,Tablet,8,399512
2021-12-02,Keyboard,6,15990
2023-06-03,Monitor,4,84620
2021-07-25,Keyboard,5,11710
2021-09-01,Smartwatch,4,110468
2023-12-14,Monitor,6,218664
2021-12-15,Keyboard,5,14285
2020-09-06,Mouse,9,9693
2022-03-19,Camera,3,174210
2020-03-27,Smartwatch,2,32698
2022-06-24,Smartwatch,8,96088
2021-02-17,Keyboard,5,13625
2020-10-08,Mobile,10,413630
2021-05-11,Laptop,9,716211
2023-07-30,Headphones,1,2641
2022-04-26,Camera,8,265424
2023-10-27,Tablet,1,25350
2022-04-13,Monitor,8,144568
2021-08-11,Camera,5,523295
2020-05-01,Mobile,10,404370
2022-12-31,Laptop,3,314319
2020-12-26,Laptop,7,804510
2021-01-16,Smartwatch,1,5303
2021-09-03,Mouse,10,5190
2021-11-17,Smartwatch,8,208112
2023-01-17,Keyboard,8,12792
2022-10-29,Monitor,5,88180
2020-08-18,Camera,3,347487
2022-07-28,Smartwatch,3,16383
2021-11-21,Smartwatch,10,270980
2021-01-30,Tablet,10,415740
2022-05-25,Keyboard,6,7260
2022-03-31,Mobile,3,85290
2022-09-04,Camera,4,83580
2021-06-18,Printer,4,70552
2021-06-30,Camera,5,481720
2023-03-19,Laptop,5,678395
2022-01-06,Headphones,1,11941
2020-08-30,Monitor,5,77335
2022-04-10,Keyboard,5,7305
2023-08-01,Smartwatch,6,150840
2021-03-28,Headphones,3,26502
2020-11-09,Monitor,10,294850
2022-05-01,Keyboard,8,39224
2023-09-22,Headphones,4,48584
2023-05-05,Mobile,9,617004
2022-12-17,Camera,2,187892
2020-08-17,Laptop,9,1046295
2021-02-18,Mouse,9,5454
2020-12-02,Camera,9,701208
2020-08-26,Headphones,10,90080
2020-07-05,Keyboard,8,7640
2022-07-17,Tablet,9,380025
2022-07-24,Mouse,1,1444
2022-08-04,Smartwatch,1,17974
2021-06-05,Laptop,4,503200
2020-05-29,Laptop,7,666106
2023-12-05,Mobile,9,161073
2020-05-21,Monitor,1,23814
2022-04-17,Tablet,3,127644
2022-02-05,Printer,8,122952
2022-02-08,Mobile,9,246879
2023-08-31,Camera,2,86784
2023-01-05,Printer,9,64548
2021-04-01,Laptop,1,89107
2022-08-06,Keyboard,7,33999
2022-02-15,Headphones,4,34184
2021-12-09,Tablet,5,136760
2020-08-19,Laptop,7,914193
2020-02-02,Headphones,4,8408
2020-07-25,Mouse,1,1214
2023-05-09,Laptop,4,588256
2020-03-31,Printer,8,85424
2023-01-10,Headphones,1,3295
2022-10-28,Smartwatch,4,115880
2023-03-25,Camera,10,983700
2023-10-09,Camera,4,238208
2020-10-20,Keyboard,4,15548
2021-09-07,Smartwatch,1,23242
2023-04-26,Tablet,7,332367
2020-04-06,Camera,7,621194
2021-10-14,Printer,7,55223
2021-09-06,Printer,3,61878
2022-08-27,Headphones,4,23708
2023-12-20,Tablet,8,150208
2023-02-25,Printer,7,148827
2022-12-21,Tablet,7,216405
2021-06-06,Headphones,6,69570
2020-06-10,Monitor,6,66354
2023-01-01,Headphones,1,5398
2022-02-11,Mouse,10,3800
2020-05-29,Headphones,10,128670
2023-10-07,Keyboard,4,17708
2021-03-03,Camera,5,110045
2021-03-09,Headphones,2,26472
2022-09-07,Headphones,10,125300
2021-02-22,Printer,4,84360
2021-10-20,Smartwatch,7,141946
2022-12-28,Camera,5,271415
2022-01-06,Keyboard,8,34536
2020-07-20,Monitor,6,109872
2022-01-29,Camera,7,181944
2023-02-26,Headphones,3,3795
2021-06-18,Keyboard,10,39200
2021-08-27,Tablet,4,146472
2021-04-16,Printer,10,110520
2022-10-19,Keyboard,6,15648
2022-09-27,Monitor,8,128200
2021-12-22,Tablet,3,141006
2021-01-11,Keyboard,1,4792
2020-03-10,Mobile,1,10836
2022-04-24,Tablet,4,77816
2023-12-19,Tablet,1,29334
2022-11-01,Monitor,6,53766
2023-06-19,Mouse,8,13200
2022-09-26,Laptop,1,119758
2023-02-03,Printer,1,3548
2022-12-20,Smartwatch,9,129546
2020-02-05,Keyboard,7,13776
2020-08-07,Mobile,9,265644
2021-05-08,Headphones,10,96250
2021-05-31,Camera,5,360110
2020-06-10,Camera,7,561127
2023-03-03,Headphones,4,23656
2023-11-01,Mobile,1,22255
2022-04-10,Printer,7,147770
2022-09-01,Laptop,1,142123
2020-12-16,Mobile,8,534984
2023-08-13,Camera,10,324990
2022-12-17,Laptop,4,310840
2023-11-18,Mouse,8,6840
2020-04-05,Mobile,5,71560
2021-01-02,Camera,1,47152
2023-04-17,Tablet,7,140294
2021-09-04,Tablet,10,307590
2023-03-06,Printer,9,124830
2022-02-25,Tablet,2,95638
2021-12-09,Laptop,2,214580
2021-04-20,Mobile,6,371976
2021-10-30,Laptop,5,545270
2022-10-01,Headphones,6,60360
2022-02-07,Printer,3,66591
2023-09-15,Printer,2,46540
2021-08-27,Headphones,2,4688
2021-07-02,Tablet,7,175770
2022-03-08,Camera,6,203790
2020-07-06,Laptop,5,541460
2022-01-07,Smartwatch,2,18682
2020-06-27,Tablet,7,310905
2023-02-14,Keyboard,9,34578
2020-07-30,Laptop,2,192776
2023-02-09,Mobile,10,525230
2022-02-27,Laptop,5,521190
2022-03-05,Mobile,9,376344
2023-03-17,Keyboard,3,10854
2020-12-13,Tablet,5,173670
2021-07-03,Monitor,3,27438
2020-12-08,Printer,5,83990
2021-09-05,Monitor,2,57332
2021-05-30,Headphones,8,85824
2023-06-16,Headphones,8,22016
2020-10-04,Smartwatch,1,17966
2021-11-11,Mouse,7,13622
2021-11-05,Monitor,6,199320
2023-08-26,Mouse,3,2745
2021-10-18,Mouse,4,5124
2021-10-05,Tablet,7,251405
2021-08-19,Monitor,10,208870
2021-10-29,Printer,5,79375
2022-01-17,Mobile,10,361880
2023-04-27,Keyboard,3,2160
2022-08-03,Headphones,8,112552
2021-08-19,Mobile,7,528108
2020-10-12,Smartwatch,4,53116
2023-09-10,Tablet,7,277942
2020-05-31,Monitor,10,364070
2023-04-07,Printer,9,176400
2023-11-17,Printer,9,37836
2022-01-06,Keyboard,10,11960
2020-08-11,Headphones,6,22350
2023-08-18,Mouse,1,1453
2023-08-14,Printer,6,102630
2020-08-04,Laptop,2,167826
2021-03-30,Keyboard,9,20790
2022-07-01,Camera,7,564858
2023-10-23,Mouse,9,5472
2021-12-07,Laptop,8,509624
2021-08-28,Printer,2,13606
2020-10-17,Camera,5,324830
2022-07-21,Headphones,9,80208
2021-12-14,Monitor,2,67430
2023-11-27,Monitor,6,56412
2021-09-06,Laptop,2,105920
2021-12-03,Mobile,3,125910
2022-11-22,Tablet,9,229446
2021-11-08,Keyboard,7,29995
2021-04-19,Printer,3,27321
2023-08-04,Printer,7,27692
2023-06-11,Headphones,8,85616
2022-05-29,Printer,1,10038
2021-02-25,Smartwatch,2,47836
2020-07-27,Keyboard,3,10488
2021-10-29,Headphones,8,22936
2021-06-21,Monitor,9,229851
2023-05-07,Printer,10,158620
2023-04-17,Mobile,6,336810
2022-07-26,Mouse,3,5898
2023-10-11,Smartwatch,10,243380
2020-06-22,Tablet,6,136344
2021-05-03,Smartwatch,2,21996
2022-02-03,Tablet,9,364122
2022-05-06,Mouse,3,4431
2022-02-24,Printer,3,56841
2023-07-25,Keyboard,3,5598
2022-09-29,Smartwatch,3,33390
2021-10-06,Monitor,10,85130
2022-01-05,Laptop,8,543160
2021-02-03,Printer,9,176058
2023-08-30,Monitor,7,260575
2022-05-01,Monitor,8,127688
2020-06-18,Mouse,1,1929
2021-03-27,Smartwatch,1,14006
2021-04-05,Keyboard,5,9385
2022-07-25,Mouse,8,11400
2022-11-12,Mobile,10,249690
2021-07-02,Keyboard,6,29640
2020-03-26,Monitor,9,173898
2022-05-20,Mobile,4,196084
2020-03-07,Monitor,5,139220
2020-06-27,Monitor,2,41056
2021-03-05,Mouse,6,10530
2023-06-03,Printer,3,69570
2020-10-12,Headphones,4,56784
2020-05-01,Mouse,6,8340
2021-07-29,Mouse,9,5796
2021-10-24,Smartwatch,5,118835
2021-07-01,Keyboard,2,3220
2022-04-22,Laptop,5,679845
2020-09-16,Tablet,4,98336
2023-12-27,Camera,4,479228
2023-10-16,Printer,8,61264
2023-03-28,Smartwatch,7,121051
2022-07-14,Mobile,2,125604
2022-11-21,Smartwatch,6,119394
2022-09-26,Camera,10,203240
2020-07-09,Monitor,6,54900
2022-12-30,Printer,4,68312
2021-03-09,Monitor,5,130795
2021-08-03,Camera,9,861750
2020-09-24,Mouse,8,15312
2021-12-04,Laptop,1,63051
2023-07-06,Monitor,1,13142
2020-11-19,Monitor,8,40352
2022-05-26,Headphones,3,34947
2021-09-10,Tablet,5,105585
2023-09-02,Camera,5,154015
2022-01-31,Tablet,1,40974
2023-07-05,Smartwatch,4,76260
2023-09-04,Mobile,2,20284
2021-03-13,Monitor,2,27392
2023-04-30,Headphones,9,109260
2022-06-30,Laptop,1,141173
2021-12-04,Mobile,7,191268
2022-09-05,Mobile,4,240836
2020-07-01,Mobile,2,102142
2022-01-22,Smartwatch,3,52623
2020-09-29,Tablet,2,99534
2023-02-27,Laptop,10,1351990
2020-12-02,Monitor,6,113772
2023-07-10,Tablet,7,307944
2021-03-20,Mobile,2,56702
2020-09-09,Mouse,7,7133
2022-05-29,Camera,3,157431
2021-07-21,Mobile,4,189380
2023-11-15,Laptop,5,384640
2022-11-26,Mouse,9,6174
2022-03-13,Smartwatch,1,12842
2022-10-10,Printer,2,21798
2022-10-20,Mouse,2,2762
2020-01-25,Camera,6,223794
2022-03-03,Mouse,7,7336
2023-01-23,Tablet,8,158264
2020-02-04,Mouse,2,656
2021-06-20,Headphones,1,1990
2022-03-26,Keyboard,5,23020
2022-04-30,Printer,7,39900
2023-08-04,Keyboard,9,15750
2021-07-22,Mobile,5,101785
2022-11-13,Headphones,3,29364
2021-10-31,Printer,10,237840
2023-08-23,Mobile,5,336710
2021-05-03,Laptop,4,245200
2022-06-08,Mobile,8,137696
2021-09-25,Tablet,2,31660
2023-12-20,Tablet,1,25736
2022-10-13,Camera,9,790137
2021-06-14,Tablet,6,139908
2021-07-04,Mobile,1,53910
2022-05-29,Smartwatch,9,63828
2021-06-22,Mouse,2,2632
2022-07-21,Keyboard,6,5724
2022-10-20,Mouse,3,3159
2020-11-18,Smartwatch,2,47610
2023-10-12,Mobile,4,306768
2020-01-06,Laptop,1,82053
2020-04-04,Monitor,6,180588
2020-11-03,Tablet,1,42483
2021-04-04,Camera,4,298236
2021-10-17,Smartwatch,2,47456
2022-02-02,Mobile,9,152127
2021-01-02,Headphones,9,15768
2022-04-01,Mobile,8,376016
2021-09-28,Camera,2,184988
2022-07-24,Laptop,6,457812
2021-08-20,Mouse,5,9070
2023-06-29,Headphones,8,56264
2023-04-26,Monitor,4,84256
2020-11-04,Laptop,7,371931
2021-04-22,Keyboard,6,3468
2021-11-17,Laptop,7,1027187
2021-09-21,Mobile,4,317772
2021-05-02,Printer,8,39696
2020-10-18,Smartwatch,2,12876
2021-04-19,Keyboard,7,24857
2022-07-27,Mobile,10,225270
2022-11-01,Tablet,7,139328
2023-04-27,Mouse,1,1190
2023-09-18,Tablet,4,136460
2021-06-18,Camera,7,782915
2021-10-30,Camera,8,445160
2021-04-23,Mobile,4,111360
2023-04-12,Mobile,3,71544
2020-12-02,Monitor,8,204640
2022-04-12,Mobile,9,512649
2021-03-01,Monitor,5,176825
2021-06-26,Mobile,2,61316
2023-11-06,Smartwatch,10,63210
2021-03-16,Camera,3,95865
2023-12-27,Headphones,6,44952
2022-11-17,Laptop,5,420500
2020-12-22,Laptop,7,764890
2023-02-12,Keyboard,4,5100
2022-08-04,Mobile,3,77757
2020-01-25,Laptop,4,268532
2021-02-09,Printer,6,141918
2023-08-13,Mobile,10,439240
2020-06-02,Laptop,2,151838
2023-08-15,Monitor,3,33081
2021-11-10,Mobile,1,70423
2020-04-13,Tablet,10,433870
2022-03-19,Monitor,1,30082
2023-10-31,Printer,3,43794
2021-03-15,Tablet,5,166700
2022-07-02,Tablet,1,31107
2023-08-18,Smartwatch,8,148000
2023-02-01,Monitor,1,10748
2021-07-26,Printer,3,50211
2021-02-12,Keyboard,4,19812
2020-02-09,Printer,6,112308
2023-01-20,Monitor,6,227544
2021-10-20,Printer,5,44460
2020-02-23,Camera,10,487070
2020-03-01,Smartwatch,1,20456
2022-12-20,Camera,10,505080
2020-11-22,Mobile,4,166432
2021-06-29,Keyboard,1,2297
2023-03-25,Printer,6,52152
2020-12-26,Headphones,10,62100
2023-11-29,Camera,10,236970
2023-12-11,Camera,10,938730
2020-10-18,Mouse,4,7836
2022-10-05,Keyboard,5,9690
2022-10-01,Laptop,2,114724
2021-04-21,Mouse,4,1360
2022-12-14,Monitor,1,26740
2023-06-11,Headphones,3,19746
2020-12-29,Camera,1,22872
2020-10-29,Mouse,3,5655
2020-08-15,Keyboard,6,6564
2022-02-04,Printer,10,63100
2021-11-20,Smartwatch,6,56826
2020-11-18,Printer,8,194176
2021-10-11,Tablet,9,345456
2021-04-02,Mouse,3,3222
2021-09-20,Smartwatch,3,32469
2020-01-04,Mouse,7,13146
2023-03-08,Laptop,3,386868
2021-10-13,Mouse,4,6436
2023-03-04,Mobile,8,227472
2021-11-09,Mobile,4,221828
2021-10-16,Tablet,2,74006
2022-07-03,Laptop,5,387415
2021-05-26,Mobile,6,261840
2020-08-09,Laptop,1,100585
2022-06-16,Printer,3,49698
2022-10-06,Printer,6,125352
2022-02-07,Mobile,8,316536
2020-11-29,Monitor,2,14378
2021-08-26,Laptop,6,505356
2020-08-02,Mobile,6,193776
2022-02-07,Tablet,2,42202
2021-11-23,Mouse,10,12880
2023-12-13,Laptop,7,949711
2020-12-03,Mouse,7,4347
2020-04-19,Mobile,6,221646
2021-01-24,Printer,9,186282
2021-06-27,Smartwatch,5,63915
2020-07-15,Laptop,7,874601
2023-01-30,Monitor,3,25716
2022-01-08,Laptop,7,430395
2021-08-26,Mouse,8,5664
2020-07-17,Laptop,4,289564
2023-07-31,Smartwatch,2,41034
2020-08-24,Smartwatch,7,143017
2022-09-28,Smartwatch,2,52064
2023-01-19,Printer,3,45471
2022-02-20,Camera,3,235284
2020-04-01,Smartwatch,8,161912
2021-06-23,Headphones,5,51220
2020-05-06,Tablet,2,41232
2023-09-30,Camera,9,668358
2023-04-22,Headphones,9,17991
2022-03-03,Keyboard,7,34202
2023-11-08,Monitor,10,204430
2022-09-02,Smartwatch,2,35872
2020-03-12,Keyboard,10,47330
2023-03-16,Mouse,3,1638
2022-07-08,Tablet,3,86658
2021-01-29,Tablet,1,42746
2020-06-09,Printer,4,94208
2020-10-29,Mouse,5,4770
2020-05-17,Mobile,7,434574
2023-02-04,Camera,5,440580
2022-07-27,Laptop,10,1270140
2022-12-06,Printer,2,33160
2020-11-02,Tablet,10,215660
2020-08-04,Mouse,2,3818
2021-08-08,Keyboard,6,23196
2021-06-24,Printer,8,173952
2023-06-01,Monitor,1,16285
2021-07-18,Printer,3,69774
2023-05-31,Printer,1,15969
2021-11-09,Headphones,1,13218
2022-08-31,Smartwatch,6,33972
2021-11-22,Smartwatch,5,70930
2022-10-03,Mobile,4,110456
2021-09-07,Monitor,6,135936
2022-05-03,Mouse,2,1368
2022-06-23,Headphones,7,91973
2022-09-19,Keyboard,6,5760
2022-11-21,Tablet,2,70778
2023-12-24,Keyboard,7,11277
2022-12-09,Mouse,1,655
2021-01-29,Headphones,1,5087
2020-03-08,Monitor,1,28617
2023-12-14,Headphones,5,35175
2022-08-08,Keyboard,7,10598
2023-10-27,Laptop,4,395276
2022-09-28,Mouse,8,5304
2022-08-29,Mouse,9,9144
2021-12-06,Tablet,5,104615
2021-08-06,Laptop,7,395549
2020-11-29,Mouse,4,3012
2023-08-18,Headphones,4,21632
2023-08-27,Printer,9,32913
2023-10-29,Laptop,8,538736
2023-08-18,Tablet,10,155540
2021-04-03,Smartwatch,10,150090
2023-12-30,Smartwatch,7,121352
2021-12-15,Monitor,5,96500
2022-08-13,Smartwatch,9,228906
2022-03-24,Mouse,2,630
2022-11-13,Camera,9,943632
2023-05-01,Mouse,5,4555
2023-11-02,Mobile,8,146936
2021-11-19,Smartwatch,6,84432
2021-06-18,Smartwatch,4,39648
2022-11-25,Headphones,1,14196
2023-05-13,Printer,6,45510
2020-02-22,Monitor,5,110005
2022-05-07,Printer,7,29099
2023-04-09,Mouse,4,4008
2023-12-31,Headphones,9,103122
2022-09-01,Camera,9,534123
2020-12-14,Keyboard,3,8718
2020-07-18,Monitor,3,65853
2023-02-18,Tablet,6,125112
2021-03-31,Camera,4,470180
2021-09-20,Printer,6,91074
2021-06-17,Mouse,5,6245
2020-08-29,Monitor,1,9667
2022-08-25,Headphones,9,26667
2023-10-26,Printer,9,114984
2022-04-26,Laptop,3,204012
2021-02-14,Camera,7,662424
2022-07-26,Tablet,6,160914
2020-06-14,Monitor,6,99528
2021-10-03,Laptop,1,109251
2021-07-14,Headphones,3,31323
2020-11-20,Monitor,2,26960
2023-06-12,Printer,7,113526
2022-05-28,Monitor,7,37135
2020-03-18,Keyboard,4,14224
2020-01-29,Camera,9,404811
2020-02-06,Laptop,4,318628
2023-11-21,Camera,5,184495
2020-07-29,Printer,9,200601
2021-09-18,Tablet,2,35992
2021-09-02,Smartwatch,8,230792
2022-12-01,Mouse,9,8919
2022-06-07,Tablet,6,282744
2022-01-05,Headphones,3,42909
2022-04-06,Laptop,4,317608
2020-09-25,Headphones,1,10661
2022-10-30,Tablet,2,78048
2023-12-27,Laptop,7,937496
2021-06-07,Keyboard,10,8980
2023-05-01,Laptop,2,271328
2020-02-10,Laptop,2,209254
2022-06-28,Printer,2,41866
2021-06-01,Monitor,3,55401
2023-11-24,Laptop,5,525820
2023-09-17,Mobile,9,408474
2023-06-29,Mouse,3,3471
2020-08-02,Keyboard,10,14640
2021-08-01,Mobile,2,150478
2021-02-10,Mouse,4,7572
2021-06-22,Keyboard,4,13728
2023-12-11,Printer,5,41275
2020-03-21,Keyboard,8,17608
2023-11-10,Monitor,6,122208
2020-01-06,Laptop,2,128948
2023-03-21,Monitor,3,32709
2022-11-13,Mobile,2,87080
2023-08-12,Headphones,8,46800
2021-06-24,Monitor,1,11541
2020-12-23,Laptop,5,486070
2023-10-18,Camera,7,817607
2020-08-25,Mobile,1,11267
2020-10-10,Tablet,6,230580
2022-06-15,Mouse,5,9005
2020-07-09,Camera,6,263814
2020-08-21,Printer,7,125713
2021-07-10,Printer,8,134552
2023-08-21,Tablet,2,47368
2023-11-26,Laptop,3,190779
2022-05-02,Mouse,8,15544
2023-03-11,Monitor,3,89661
2022-01-04,Mouse,1,1701
2020-09-24,Monitor,8,99208
2022-04-22,Monitor,1,9150
2021-06-19,Camera,1,112349
2023-10-20,Keyboard,10,23340
2023-10-03,Camera,9,797076
2023-11-10,Mouse,2,2372
2023-09-17,Headphones,8,53312
2023-09-21,Printer,3,63885
2023-06-09,Laptop,1,134331
2020-11-17,Keyboard,8,36488
2020-12-04,Mobile,8,416208
2021-05-08,Camera,5,132995
2022-11-04,Headphones,9,103860
2022-02-14,Printer,4,22332
2022-07-29,Monitor,10,343660
2020-06-29,Monitor,8,205704
2020-08-31,Monitor,1,11726
2022-04-06,Printer,1,21256
2023-01-29,Laptop,2,258388
2023-06-21,Smartwatch,9,210834
2021-02-27,Monitor,6,172872
2020-04-21,Headphones,8,51512
2023-02-21,Mouse,10,12680
2023-09-07,Camera,8,279560
2020-07-18,Headphones,1,6592
2021-12-28,Smartwatch,9,198936
2022-02-04,Mobile,1,31516
2022-10-05,Tablet,7,154063
2021-06-04,Mouse,4,2736
2020-09-04,Printer,4,71904
2021-01-25,Camera,2,238482
2022-04-28,Laptop,10,661500
2022-07-11,Monitor,10,380430
2020-10-02,Monitor,1,39757
2020-04-09,Keyboard,7,31192
2022-11-07,Tablet,10,263800
2020-09-19,Mobile,7,365288
2022-10-29,Printer,7,160685
2023-11-19,Headphones,5,37590
2021-12-03,Smartwatch,8,74960
2020-10-09,Printer,10,197860
2021-09-04,Keyboard,6,13680
2021-02-15,Headphones,10,127040
2021-08-18,Camera,3,339339
2023-08-24,Tablet,9,325143
2023-12-25,Mobile,6,437778
2023-04-08,Mouse,7,11760
2022-12-29,Smartwatch,7,37926
2022-12-06,Mobile,1,59921
2020-10-24,Laptop,1,76201
2021-06-30,Tablet,5,157100
2020-10-26,Laptop,5,383690
2023-01-13,Laptop,6,655932
2020-07-28,Mouse,9,6831
2023-08-18,Keyboard,7,17122
2022-11-12,Smartwatch,1,17503
2022-03-04,Printer,6,126552
2020-04-20,Laptop,5,383095
2023-06-24,Monitor,4,116400
2023-04-20,Keyboard,10,21090
2021-01-31,Smartwatch,8,86504
2023-10-30,Mobile,3,98337
2022-11-18,Mobile,7,107282
2022-05-27,Smartwatch,9,122922
2020-09-23,Tablet,10,317120
2020-01-12,Camera,8,904160
2020-11-13,Laptop,3,276861
2023-05-07,Laptop,10,1367550
2021-09-08,Monitor,10,284670
2020-05-29,Camera,9,439470
2021-01-11,Keyboard,2,9276
2020-11-22,Printer,9,185373
2022-04-06,Mobile,6,233952
2021-03-12,Camera,6,403740
2021-08-24,Headphones,10,96910
2022-08-30,Keyboard,1,1439
2023-10-01,Camera,8,412016
2023-08-08,Mouse,10,7990
2020-03-22,Camera,7,244020
2022-03-01,Smartwatch,9,258507
2021-08-02,Laptop,9,892314
2022-11-19,Keyboard,8,35896
2020-03-30,Smartwatch,4,61984
2022-11-18,Mobile,2,63880
2023-01-06,Keyboard,1,1036
2021-03-07,Headphones,7,102837
2020-07-31,Headphones,9,131202
2023-12-10,Printer,2,16076
2020-02-18,Monitor,6,44892
2020-06-28,Mobile,1,33329
2021-05-30,Keyboard,2,4728
2021-06-13,Printer,7,124474
2023-07-14,Printer,7,93569
2020-02-04,Printer,2,41050
2020-01-13,Mouse,2,3696
2023-04-14,Laptop,2,193768
2022-10-26,Mobile,5,247490
2023-05-27,Mobile,5,336835
2022-02-20,Printer,1,18531
2020-11-16,Keyboard,4,6468
2022-03-11,Keyboard,5,8400
2021-09-02,Camera,1,92551
2023-02-10,Tablet,2,35474
2020-01-11,Mouse,10,11070
2023-01-05,Keyboard,2,5992
2021-03-06,Camera,4,296348
2023-08-15,Keyboard,3,5454
2021-01-11,Headphones,10,146760
2021-06-01,Headphones,2,7942
2023-10-06,Mouse,1,1838
2023-01-29,Monitor,9,88137
2021-08-18,Mobile,5,114355
2021-02-08,Mouse,8,7816
2022-01-01,Tablet,4,86224
2021-08-06,Mouse,2,1392
2021-10-12,Monitor,8,212144
2023-06-16,Smartwatch,10,99930
2023-03-04,Mouse,6,11724
2021-10-09,Printer,3,9474
2021-10-03,Headphones,4,50672
2023-08-05,Printer,5,73895
2020-10-02,Camera,8,645328
2022-07-01,Camera,5,419140
2023-02-03,Mobile,3,62232
2021-07-28,Tablet,9,250857
2021-06-23,Mobile,2,24882
2022-11-04,Laptop,10,1258770
2022-04-09,Mouse,4,1500
2023-02-03,Smartwatch,9,204156
2022-08-24,Tablet,6,244332
2021-04-02,Mouse,5,2870
2022-08-09,Keyboard,9,11169
2022-03-23,Camera,9,192492
2023-09-19,Headphones,10,122090
2020-12-05,Keyboard,3,12465
2020-11-22,Tablet,10,245810
2022-09-17,Camera,1,48681
2022-09-25,Headphones,2,10662
2022-01-26,Headphones,1,11954
2021-02-27,Keyboard,6,22074
2022-08-19,Monitor,1,7615
2023-08-21,Camera,2,224480
2022-12-03,Smartwatch,5,119800
2023-01-19,Mouse,3,3213
2023-08-31,Printer,6,133542
2023-08-31,Mobile,9,386775
2022-02-09,Headphones,9,68841
2021-12-23,Camera,8,665528
2023-05-22,Laptop,9,613926
2022-06-19,Tablet,4,80208
2022-11-19,Smartwatch,4,39692
2021-01-17,Tablet,6,136524
2023-09-15,Headphones,7,100030
2021-11-07,Mobile,8,582072
2022-09-08,Headphones,10,36410
2023-08-18,Printer,1,10984
2020-03-29,Tablet,10,255590
2020-10-02,Keyboard,1,1703
2020-04-24,Tablet,5,133990
2022-11-24,Printer,10,214680
2023-07-29,Laptop,5,306195
2021-03-19,Monitor,10,358940
2022-09-13,Tablet,4,167680
2023-05-15,Tablet,10,269190
2023-06-30,Keyboard,5,9365
2023-11-05,Camera,8,785504
2023-04-24,Mobile,4,238288
2022-02-28,Tablet,2,32170
2021-02-18,Keyboard,9,35442
2020-11-02,Mouse,2,1326
2022-09-01,Mouse,10,3790
2022-12-24,Keyboard,2,2526
2022-09-14,Tablet,10,150780
2023-10-21,Printer,9,151056
2022-01-28,Laptop,9,956016
2021-04-14,Monitor,7,195797
2023-04-21,Mouse,2,2342
2020-10-01,Smartwatch,8,100944
2020-06-20,Smartwatch,10,228160
2022-04-16,Smartwatch,4,20716
2023-12-23,Laptop,10,1184900
2020-08-29,Keyboard,1,3572
2023-09-02,Headphones,6,46188
2022-01-11,Mobile,3,197538
2023-08-27,Mouse,5,4175
2023-01-02,Printer,10,149810
2023-06-07,Smartwatch,7,208166
2021-02-21,Printer,9,191430
2022-09-15,Tablet,6,280218
2021-06-03,Smartwatch,10,162830
2023-12-15,Printer,3,73809
2020-08-31,Headphones,8,110640
2023-12-03,Tablet,2,58108
2022-11-07,Printer,6,126246
2023-06-11,Laptop,3,303000
2023-07-26,Laptop,2,138096
2022-08-23,Mouse,7,3360
2020-05-11,Smartwatch,4,68604
2020-06-12,Mouse,1,1783
2022-02-26,Printer,10,245010
2022-12-03,Smartwatch,10,68820
2020-12-24,Monitor,8,45608
2021-02-17,Keyboard,5,10475
2020-03-09,Mouse,9,12204
2023-12-01,Headphones,10,37760
2023-10-12,Laptop,6,488154
2023-09-03,Laptop,3,184146
2021-07-19,Printer,6,149658
2022-03-20,Printer,10,95630
2022-11-26,Laptop,2,123636
2023-01-30,Smartwatch,9,216909
2021-12-13,Camera,5,248305
2023-05-26,Headphones,8,60944
2023-03-23,Laptop,5,364710
2022-04-13,Keyboard,2,2184
2022-10-27,Smartwatch,6,53004
2022-11-17,Smartwatch,9,214542
2021-05-27,Monitor,7,256865
2021-05-13,Camera,8,874696
2022-08-01,Mouse,1,1287
2020-08-26,Smartwatch,2,35078
2023-07-21,Headphones,4,56436
2021-10-08,Printer,6,119544
2023-01-02,Laptop,5,412695
2021-08-11,Mobile,7,383775
2020-06-04,Keyboard,3,13209
2021-10-04,Camera,4,380788
2021-07-05,Tablet,4,190808
2021-02-12,Headphones,4,21392
2021-02-27,Headphones,4,58716
2021-05-26,Mouse,6,3714
2020-08-06,Mobile,2,149148
2023-06-11,Laptop,9,499851
2022-09-14,Camera,10,613420
2022-10-05,Mouse,5,6525
2021-01-09,Keyboard,5,18795
2021-03-30,Mouse,3,1230
2022-12-12,Printer,8,165752
2020-03-07,Keyboard,6,22350
2023-11-06,Tablet,8,183104
2023-12-01,Keyboard,8,24680
2023-11-12,Laptop,1,138356
2021-03-07,Printer,10,63010
2021-10-28,Camera,10,540390
2021-01-18,Keyboard,5,12210
2021-07-05,Monitor,10,274850
2022-01-19,Tablet,8,342264
2021-03-07,Printer,6,89772
2022-03-31,Smartwatch,8,87152
2023-03-16,Tablet,10,299790
2020-07-23,Smartwatch,4,92788
2022-06-04,Printer,4,31116
2020-11-02,Monitor,1,16574
2022-05-13,Monitor,3,116646
2022-12-29,Camera,8,474608
2021-05-28,Keyboard,10,8900
2022-03-26,Mobile,3,53607
2021-03-17,Smartwatch,8,205112
2020-07-16,Monitor,6,132144
2022-01-09,Camera,9,837639
2021-06-11,Camera,1,73970
2020-09-05,Camera,10,460770
2023-03-27,Mouse,9,5913
2021-08-05,Camera,6,649416
2022-11-11,Monitor,8,81104
2022-02-19,Mouse,5,6245
2023-07-17,Tablet,3,111333
2022-05-13,Mouse,10,11280
2020-05-26,Mobile,3,165117
2021-04-12,Camera,6,633546
2021-08-19,Smartwatch,10,261230
2022-03-20,Smartwatch,8,135200
2023-04-17,Keyboard,8,31128
2020-12-08,Tablet,1,23194
2021-04-25,Smartwatch,2,23800
2020-12-07,Printer,2,12262
2020-05-10,Monitor,9,76743
2020-02-23,Printer,9,51543
2020-07-31,Smartwatch,10,100880
2020-06-21,Printer,5,52575
2021-05-21,Smartwatch,8,204224
2020-09-15,Tablet,9,235620
2020-02-28,Laptop,6,555744
2022-09-02,Monitor,9,205668
2023-01-28,Monitor,3,49806
2023-04-25,Mouse,8,12736
2023-07-26,Mouse,7,9604
2023-08-03,Keyboard,5,16720
2022-09-13,Keyboard,4,4932
2022-06-23,Smartwatch,6,111042
2021-06-16,Tablet,5,78455
2020-01-01,Keyboard,3,9951
2021-08-10,Monitor,9,49905
2023-11-09,Monitor,8,197080
2020-01-19,Printer,5,112810
2021-04-18,Laptop,9,890766
2021-01-21,Printer,9,155907
2022-03-19,Headphones,3,38139
2023-08-15,Printer,7,71596
2021-06-22,Mobile,7,289793
2022-11-24,Mouse,5,4415
2023-08-21,Keyboard,5,19410
2021-01-20,Mobile,3,83721
2021-08-16,Mobile,8,554760
2021-07-11,Mouse,8,5472
2021-10-18,Laptop,3,169515
2022-12-31,Laptop,3,190215
2021-07-31,Smartwatch,3,85305
2022-06-16,Laptop,4,247288
2020-11-04,Laptop,8,627736
2021-12-01,Printer,5,96655
2022-01-30,Monitor,1,26643
2020-06-13,Tablet,1,32465
2022-03-14,Mobile,9,644607
2021-01-06,Headphones,5,71945
2022-02-20,Laptop,2,287348
2021-05-24,Printer,8,88792
2020-03-09,Headphones,8,104376
2020-07-11,Keyboard,4,17492
2022-03-07,Smartwatch,6,61182
2023-07-12,Laptop,9,1064502
2020-09-07,Smartwatch,8,207384
2021-09-03,Headphones,6,11118
2023-09-27,Headphones,2,9732
2023-07-20,Printer,6,20958
2020-12-08,Smartwatch,10,89200
2022-03-21,Headphones,1,1688
2023-04-05,Monitor,10,151570
2022-01-30,Mobile,4,122676
2022-10-20,Mobile,10,543570
2023-07-04,Laptop,1,96598
2023-08-13,Tablet,9,198342
2020-09-14,Monitor,4,103028
2023-02-17,Camera,8,928800
2021-01-30,Laptop,7,678615
2020-10-02,Smartwatch,1,20902
2023-12-18,Monitor,9,218826
2023-01-16,Monitor,4,68920
2023-01-18,Camera,6,695982
2022-08-17,Smartwatch,10,231700
2020-11-24,Mobile,9,272871
2022-07-09,Smartwatch,5,113735
2022-01-21,Monitor,1,38158
2022-02-15,Tablet,1,38860
2023-06-24,Headphones,6,76872
2020-05-09,Keyboard,7,14385
2022-12-09,Monitor,9,135909
2023-06-09,Smartwatch,6,110568
2023-08-05,Camera,2,65232
2022-12-07,Mobile,1,27009
2020-12-31,Laptop,4,256124
2022-09-21,Headphones,2,3042
2023-03-15,Printer,8,161840
2023-07-01,Mouse,5,2000
2022-01-20,Headphones,10,127610
2020-05-25,Laptop,4,543800
2022-10-03,Mobile,8,143648
2022-01-09,Keyboard,7,24661
2023-12-21,Laptop,10,848400
2022-12-19,Laptop,2,179666
2020-06-08,Headphones,9,23319
2020-07-26,Headphones,9,65817
2021-01-23,Headphones,9,105858
2021-05-24,Mouse,3,4329
2023-02-17,Printer,2,47852
2023-03-26,Camera,8,896672
2023-09-24,Printer,2,16932
2021-01-04,Keyboard,7,32438
2021-11-22,Tablet,9,396297
2021-12-22,Camera,9,562977
2022-01-31,Printer,7,95186
2023-05-31,Headphones,10,99390
2021-03-14,Printer,9,101925
2022-01-07,Monitor,8,248184
2020-01-01,Laptop,5,640435
2020-02-03,Keyboard,3,8916
2020-01-14,Smartwatch,4,48156
2021-10-06,Laptop,5,612845
2022-11-13,Keyboard,10,17670
2020-07-12,Laptop,8,772928
2020-11-15,Tablet,5,195285
2023-04-07,Headphones,4,20792
2021-09-07,Mobile,10,624020
2023-03-11,Headphones,2,25710
2021-10-26,Monitor,3,110997
2023-11-13,Mouse,2,3038
2023-08-08,Smartwatch,1,28946
2023-03-26,Printer,2,9664
2021-11-15,Camera,7,522158
2020-09-03,Headphones,10,11870
2023-07-22,Printer,1,12987
2022-12-09,Laptop,6,724614
2023-03-02,Tablet,6,287550
2023-11-30,Headphones,3,5481
2023-10-11,Printer,8,180008
2023-03-24,Keyboard,2,4638
2022-06-03,Smartwatch,7,68950
2020-09-27,Camera,2,164742
2023-03-16,Laptop,9,920898
2021-06-21,Mobile,7,530418
2022-06-08,Tablet,3,139551
2023-02-19,Headphones,8,59808
2023-08-28,Mouse,4,5796
2023-06-15,Keyboard,4,9940
2020-05-26,Smartwatch,7,109179
2023-11-03,Mouse,2,1060
2023-10-07,Printer,7,104783
2021-12-14,Headphones,6,39864
2023-05-01,Laptop,5,360920
2021-12-17,Mouse,8,12608
2020-10-25,Monitor,1,20301
2021-02-12,Camera,3,357951
2020-06-24,Mobile,1,41856
2023-06-25,Tablet,5,79500
2021-12-04,Mobile,5,344950
2022-08-22,Laptop,6,464370
2023-01-06,Headphones,4,39808
2022-12-07,Smartwatch,9,187443
2023-06-29,Tablet,1,39681
2023-04-08,Keyboard,1,2592
2020-12-14,Laptop,5,381525
2023-11-27,Mouse,5,2040
2022-08-10,Laptop,2,201880
2023-09-14,Smartwatch,6,51210
2020-02-09,Smartwatch,7,88018
2022-02-18,Keyboard,2,6168
2022-09-19,Mouse,9,4320
2021-01-16,Headphones,9,76527
2023-02-22,Laptop,1,82426
2022-12-20,Smartwatch,6,126324
2022-03-16,Tablet,1,37726
2023-11-02,Camera,6,611700
2021-09-11,Headphones,9,49671
2020-05-06,Smartwatch,7,41755
2023-02-10,Smartwatch,4,39884
2021-11-30,Printer,3,17628
2022-02-21,Keyboard,10,23630
2022-05-04,Headphones,10,35020
2022-05-23,Smartwatch,10,157900
2022-07-08,Keyboard,3,6579
2023-08-29,Tablet,10,282580
2020-10-09,Smartwatch,9,84879
2022-05-30,Tablet,10,253570
2021-10-12,Mobile,9,718704
2020-08-30,Tablet,6,147216
2020-03-01,Camera,7,517321
2021-09-13,Monitor,5,74790
2021-01-19,Mobile,3,102645
2020-02-23,Mouse,10,8460
2023-05-25,Mouse,10,7720
2023-05-06,Headphones,4,49044
2020-02-23,Camera,2,220392
2022-09-03,Tablet,9,411480
2023-12-29,Camera,3,212355
2022-10-03,Monitor,3,47199
2021-01-30,Headphones,1,7694
2020-01-31,Smartwatch,7,86044
2023-10-06,Headphones,4,8332
2020-12-28,Monitor,10,371080
2023-11-09,Camera,8,418768
2022-05-25,Printer,1,22920
2022-02-18,Camera,7,701057
2023-03-17,Mouse,9,12375
2023-08-06,Laptop,9,578952
2022-07-13,Monitor,1,21103
2022-11-28,Keyboard,7,5747
2023-02-16,Printer,9,212985
2020-04-10,Headphones,5,41005
2022-03-26,Smartwatch,5,100585
2020-12-06,Printer,5,115455
2020-04-21,Keyboard,3,12891
2023-08-16,Monitor,2,75622
2020-08-19,Tablet,10,238670
2022-03-16,Printer,6,106644
2020-02-21,Tablet,8,225864
2022-07-20,Mobile,5,262385
2023-11-17,Tablet,2,41952
2020-08-21,Monitor,6,63540
2022-12-08,Printer,9,207504
2020-11-23,Printer,9,139239
2020-03-30,Tablet,6,149016
2020-11-28,Tablet,3,55086
2022-05-09,Smartwatch,5,144625
2022-07-02,Smartwatch,3,26556
2020-09-26,Headphones,1,11200
2021-06-02,Laptop,8,921800
2022-10-18,Keyboard,1,4542
2021-05-02,Headphones,10,118040
2022-09-01,Monitor,7,237706
2020-06-11,Mouse,10,3130
2021-05-16,Keyboard,5,11000
2020-04-10,Tablet,3,55824
2023-08-30,Camera,1,39054
2020-03-07,Mouse,10,9110
2021-11-09,Mobile,1,24272
2022-05-03,Tablet,3,100911
2023-06-05,Mouse,10,19120
2023-02-25,Tablet,8,308840
2020-03-14,Mobile,5,261560
2022-01-24,Printer,2,34004
2023-02-01,Mobile,5,358550
2020-10-02,Mobile,5,265750
2022-12-15,Printer,9,88884
2023-11-26,Headphones,10,19530
2020-08-11,Mouse,9,4311
2022-09-17,Mouse,5,5870
2023-05-31,Camera,5,444320
2023-03-23,Mouse,6,3390
2023-06-12,Mouse,8,10912
2023-07-18,Monitor,8,134320
2023-06-02,Headphones,5,20855
2020-01-04,Mobile,1,70933
2023-07-04,Mobile,4,257384
2022-04-27,Laptop,6,574974
2023-02-21,Headphones,1,11495
2021-02-16,Smartwatch,5,36110
2021-09-22,Smartwatch,9,207198
2021-10-25,Laptop,2,279786
2021-11-13,Camera,7,804636
2023-03-11,Mouse,1,659
2021-02-01,Camera,6,648852
2022-09-08,Monitor,1,13896
2022-09-13,Tablet,8,295688
2022-08-05,Printer,1,20074
2021-09-05,Mouse,6,8622
2023-01-02,Laptop,4,502720
2023-11-04,Camera,6,172068
2020-11-01,Smartwatch,1,16113
2022-02-07,Keyboard,3,11073
2021-01-18,Mouse,2,3804
2021-09-23,Camera,1,55585
2022-04-27,Mobile,8,329184
2022-01-31,Monitor,5,95820
2022-12-11,Smartwatch,3,26031
2022-02-05,Laptop,4,248548
2022-06-27,Keyboard,1,4453
2022-10-21,Tablet,4,149156
2022-09-17,Keyboard,5,15905
2020-10-20,Mobile,9,246555
2021-02-24,Laptop,8,806408
2022-12-05,Mobile,1,50760
2020-03-31,Mouse,2,1964
2022-08-14,Laptop,2,236466
2023-09-11,Smartwatch,1,23925
2021-10-01,Headphones,6,25710
2021-01-29,Smartwatch,5,112205
2021-10-15,Monitor,2,45736
2020-11-01,Tablet,5,112505
2020-02-01,Mouse,9,12168
2020-07-28,Headphones,9,60651
2023-01-30,Camera,5,192770
2023-12-13,Smartwatch,10,130220
2020-12-16,Mobile,5,271995
2023-01-12,Monitor,1,13524
2020-02-29,Monitor,1,11942
2022-02-24,Laptop,2,211794
2022-03-13,Tablet,10,442180
2023-06-16,Camera,5,317795
2021-02-09,Keyboard,2,8628
2023-03-08,Tablet,2,91376
2020-07-18,Monitor,5,177500
2022-08-21,Headphones,4,13416
2023-06-17,Smartwatch,6,107082
2021-01-10,Camera,6,476472
2022-09-25,Laptop,2,224606
2020-08-19,Camera,8,643640
2020-12-15,Smartwatch,6,148836
2023-03-22,Tablet,9,195705
2022-04-10,Mobile,6,115776
2021-09-10,Keyboard,8,30264
2023-04-24,Printer,4,93376
2021-05-14,Keyboard,3,13353
2022-02-25,Mobile,6,223764
2023-11-22,Mouse,7,13342
2022-06-10,Mouse,6,8490
2023-11-22,Headphones,3,35568
2023-10-03,Mobile,10,737830
2020-08-22,Mouse,10,12480
2021-10-28,Keyboard,2,8294
2020-12-26,Smartwatch,7,50960
2023-05-10,Mobile,10,596640
2021-11-01,Monitor,1,10933
2021-03-21,Tablet,10,150120
2020-10-27,Tablet,8,398528
2021-08-19,Printer,10,219370
2022-07-04,Headphones,4,48660
2021-10-10,Smartwatch,10,272670
2021-09-15,Printer,6,35550
2023-04-08,Laptop,10,1169020
2022-04-07,Tablet,5,95450
2022-01-26,Keyboard,1,506
2023-12-11,Keyboard,6,8388
2021-07-31,Laptop,4,426340
2023-12-09,Mouse,7,11060
2021-10-13,Printer,7,108521
2022-06-10,Keyboard,4,7680
2022-08-30,Tablet,4,160816
2022-01-07,Printer,3,37356
2023-10-04,Tablet,3,47280
2020-05-26,Laptop,3,433641
2022-09-23,Printer,3,17322
2020-10-08,Printer,8,182440
2022-05-21,Mouse,3,3690
2022-11-09,Printer,9,159723
2022-02-26,Camera,4,177408
2022-05-19,Mouse,1,1483
2022-10-17,Headphones,9,48699
2022-04-21,Keyboard,10,35060
2020-03-09,Laptop,10,1133420
2023-12-14,Camera,2,192112
2022-09-13,Mobile,3,236991
2021-07-26,Monitor,9,91143
2022-12-07,Mouse,2,1604
2022-08-25,Mobile,9,458631
2023-06-09,Laptop,6,720762
2020-01-23,Monitor,8,308776
2022-08-18,Mouse,6,6972
2021-12-23,Smartwatch,5,52440
2020-03-13,Mouse,5,8940
2023-02-28,Smartwatch,1,25620
2022-08-27,Mouse,3,4419
2020-04-15,Smartwatch,10,58940
2021-08-10,Monitor,2,26622
2022-11-01,Mobile,5,215180
2020-09-28,Mouse,5,4315
2021-06-10,Laptop,2,258288
2020-12-23,Mouse,3,4947
2022-07-03,Camera,3,162726
2023-12-06,Headphones,8,31696
2022-12-16,Laptop,6,366372
2020-10-24,Mouse,3,3945
2022-04-25,Printer,4,98592
2022-06-20,Tablet,4,150456
2020-04-21,Smartwatch,2,13442
2020-12-09,Monitor,7,253470
2021-09-09,Monitor,9,182817
2022-02-16,Printer,8,92840
2020-10-24,Keyboard,7,4179
2021-08-14,Monitor,7,179816
2022-12-21,Laptop,2,239274
2023-07-29,Camera,7,700119
2023-08-28,Smartwatch,6,83148
2021-06-30,Mobile,5,306345
2022-08-02,Headphones,10,136230
2021-02-03,Keyboard,6,11838
2021-10-03,Keyboard,1,569
2020-05-19,Laptop,7,439635
2022-12-11,Mobile,8,448584
2021-03-25,Smartwatch,5,56630
2020-03-10,Laptop,10,620500
2020-04-26,Mouse,4,6108
2023-07-30,Mobile,2,42644
2023-05-23,Tablet,7,189756
2020-08-15,Tablet,5,171520
2022-08-14,Mobile,8,369808
2022-05-24,Camera,5,206145
2020-05-31,Smartwatch,1,17543
2022-03-06,Camera,1,53847
2021-06-26,Tablet,8,156384
2022-10-04,Headphones,10,74320
2020-12-31,Monitor,2,28856
2023-01-12,Printer,4,92472
2023-08-10,Mobile,8,351576
2020-07-30,Laptop,2,118458
2023-03-16,Smartwatch,8,44912
2022-10-16,Tablet,1,17479
2023-09-23,Printer,5,39835
2023-12-04,Camera,7,667233
2020-01-08,Keyboard,8,35328
2022-06-12,Printer,2,41396
2021-04-07,Laptop,7,982394
2022-09-14,Mobile,10,570440
2021-11-13,Smartwatch,7,47656
2023-07-18,Mobile,6,327432
2020-06-13,Monitor,5,91555
2020-12-27,Keyboard,1,3647
2023-09-15,Headphones,5,62005
2022-03-09,Mobile,6,442596
2020-06-22,Monitor,4,56684
2020-03-14,Headphones,1,12792
2023-04-29,Headphones,8,58952
2020-05-09,Keyboard,5,22965
2022-12-29,Monitor,1,7427
2021-11-25,Laptop,6,867024
2020-03-28,Printer,2,19872
2023-09-01,Keyboard,8,39160
2020-11-01,Mouse,4,1788
2020-03-16,Tablet,8,129992
2022-08-23,Mouse,1,797
2023-12-07,Tablet,1,26288
2023-07-19,Laptop,5,313760
2022-07-23,Mouse,3,4530
2020-05-10,Mobile,2,150322
2023-05-03,Mouse,4,1716
2021-02-19,Printer,6,97038
2021-10-26,Mobile,10,280000
2021-10-20,Headphones,1,10717
2020-12-21,Camera,2,71652
2021-07-14,Tablet,7,182091
2023-11-27,Camera,9,374643
2022-06-17,Headphones,10,16660
2020-09-30,Mobile,10,593000
2020-11-19,Laptop,8,484640
2020-01-14,Laptop,3,185049
2023-12-18,Mouse,5,5760
2023-11-21,Monitor,3,55530
2020-10-20,Smartwatch,9,177831
2022-04-23,Headphones,3,33009
2023-11-17,Laptop,10,735930
2022-10-20,Mouse,2,3168
2021-09-08,Camera,7,144193
2023-02-16,Headphones,4,11700
2022-12-21,Mobile,10,574350
2023-01-10,Keyboard,4,17208
2023-07-06,Headphones,5,9345
2021-01-31,Mobile,3,216546
2022-10-15,Tablet,3,53475
2020-04-20,Camera,5,237355
2022-06-09,Smartwatch,6,151266
2022-07-17,Laptop,2,294094
2020-04-17,Keyboard,3,5382
2020-02-29,Monitor,9,113454
2020-05-25,Headphones,8,85680
2023-04-02,Camera,7,322350
2023-10-18,Camera,4,137740
2021-10-29,Headphones,2,9768
2022-04-24,Headphones,7,32305
2020-05-30,Monitor,10,367460
2020-04-21,Printer,3,30249
2023-06-02,Monitor,3,91152
2022-02-03,Tablet,8,221792
2023-07-18,Camera,5,232520
2021-11-18,Tablet,1,18909
2021-07-28,Tablet,2,91018
2022-07-28,Printer,3,42774
2021-03-26,Smartwatch,10,101370
2023-07-30,Mouse,3,4449
2023-02-06,Headphones,2,15490
2022-12-04,Monitor,4,144120
2022-08-05,Smartwatch,1,28921
2022-05-26,Headphones,4,25448
2022-06-08,Mouse,4,6044
2020-11-01,Mouse,1,1155
2020-03-31,Laptop,8,1169104
2022-10-29,Laptop,7,837305
2022-03-18,Monitor,2,69302
2022-10-11,Headphones,2,20300
2020-01-26,Printer,4,29392
2022-01-04,Smartwatch,4,104884
2020-07-04,Laptop,8,1101528
2021-09-16,Tablet,8,132792
2022-07-20,Monitor,3,94695
2021-01-13,Camera,8,898088
2023-07-21,Laptop,2,200892
2023-11-15,Camera,9,218583
2021-08-30,Printer,5,115350
2023-01-15,Mouse,4,7652
2023-11-03,Mobile,10,540000
2020-04-22,Keyboard,6,5532
2020-08-15,Printer,6,109488
2023-06-21,Laptop,6,588174
2020-12-24,Keyboard,2,4354
2020-10-10,Camera,4,362920
2020-08-20,Monitor,10,187490
2021-04-06,Camera,6,330258
2022-10-28,Printer,5,23920
2020-05-09,Camera,6,475788
2022-09-22,Keyboard,9,13545
2022-08-20,Keyboard,9,26046
2022-07-14,Mouse,6,11628
2023-10-10,Mobile,4,280056
2020-06-27,Mobile,7,234059
2021-08-13,Mobile,2,63192
2021-07-19,Mobile,3,225162
2020-11-04,Headphones,9,101493
2020-02-16,Smartwatch,7,191520
2023-01-13,Tablet,8,301768
2022-05-10,Monitor,1,24104
2021-01-22,Mobile,1,40451
2022-11-30,Camera,7,670957
2021-12-03,Camera,8,782176
2023-09-25,Keyboard,9,37323
2022-07-26,Smartwatch,10,93230
2021-09-19,Tablet,5,149310
2022-09-18,Camera,5,131010
2020-10-30,Camera,5,398795
2020-12-06,Mouse,3,5271
2023-01-01,Smartwatch,3,32238
2023-12-21,Tablet,3,91773
2020-08-27,Laptop,6,751824
2020-09-16,Monitor,5,146130
2021-01-12,Headphones,9,113265
2020-03-12,Camera,6,236346
2022-02-02,Monitor,9,140895
2022-12-28,Smartwatch,2,11632
2022-04-08,Monitor,3,105054
2021-10-17,Tablet,1,48253
2021-11-09,Smartwatch,8,115976
2023-03-20,Tablet,10,439730
2021-11-24,Mobile,8,122024
2020-10-12,Keyboard,2,6046
2020-02-20,Printer,10,102200
2022-07-02,Camera,2,125554
2020-04-22,Mouse,4,5976
2022-12-14,Headphones,5,21030
2020-02-16,Mobile,9,615483
2023-10-18,Mobile,9,555273
2021-02-02,Monitor,6,231150
2020-04-24,Camera,7,275737
2022-05-25,Camera,7,482069
2020-01-25,Smartwatch,6,99078
2021-09-22,Monitor,9,96660
2021-03-17,Monitor,7,237993
2021-08-14,Tablet,7,295008
2020-10-12,Mouse,10,4760
2020-10-21,Headphones,5,43880
2022-12-11,Camera,2,194842
2022-02-08,Mobile,1,63668
2023-08-01,Smartwatch,7,75110
2023-02-12,Monitor,10,139730
2021-02-12,Tablet,7,237790
2023-02-08,Monitor,1,24791
2023-04-13,Smartwatch,8,186608
2022-08-07,Headphones,1,13963
2020-01-06,Tablet,5,173355
2023-08-04,Monitor,2,47706
2022-05-04,Tablet,8,248312
2020-02-28,Mobile,5,373125
2020-05-16,Mouse,6,8940
2022-09-11,Mouse,7,5796
2023-07-10,Monitor,2,58916
2022-11-15,Mouse,1,831
2020-11-29,Mouse,1,599
2021-10-16,Monitor,3,85263
2020-11-30,Laptop,5,486690
2022-05-09,Camera,1,57992
2021-08-20,Keyboard,2,9418
2021-01-31,Tablet,2,51906
2023-01-18,Camera,6,658680
2021-09-08,Smartwatch,6,48840
2022-12-30,Mouse,6,11916
2020-10-21,Laptop,3,353751
2021-07-30,Camera,8,592000
2021-11-27,Tablet,2,58556
2020-11-12,Keyboard,4,8172
2023-02-18,Mouse,9,12501
2023-12-30,Keyboard,2,7836
2022-08-01,Mobile,2,54400
2020-02-05,Monitor,6,152514
2023-11-16,Camera,3,233775
2023-05-08,Keyboard,6,11460
2023-12-24,Smartwatch,1,29394
2020-08-30,Headphones,3,37122
2020-10-18,Headphones,5,15265
2021-03-05,Tablet,2,85680
2023-11-15,Mobile,2,24928
2022-09-18,Printer,1,9434
2020-08-08,Laptop,9,1149732
2020-05-01,Monitor,2,43162
2020-03-29,Mobile,5,56730
2020-07-16,Mobile,10,369220
2023-04-18,Headphones,3,35961
2021-12-20,Laptop,2,138156
2021-07-22,Mouse,6,6126
2020-11-24,Keyboard,10,24810
2022-10-31,Mouse,2,1004
2023-03-30,Laptop,9,705978
2021-01-27,Smartwatch,3,89121
2023-01-05,Laptop,2,156102
2022-10-29,Monitor,6,102792
2022-06-19,Mobile,3,169521
2022-02-16,Printer,4,79400
2021-04-11,Printer,2,26596
2020-09-10,Monitor,2,78120
2020-10-05,Monitor,6,143352
2023-02-15,Laptop,2,186012
2022-10-08,Mobile,7,330211
2022-07-24,Mouse,5,8535
2022-06-28,Headphones,9,69048
2021-08-18,Printer,4,21120
2022-09-01,Camera,3,65025
